Primeiro Nome,Sobrenome,Idade,Estado,Sexo
Carlos,Lima,21,PR,Feminino
Juliana,Barbosa,29,ES,Feminino
Juliana,Carvalho,57,RN,Feminino
Ana,Martins,62,GO,Feminino
Lucas,Martins,41,RN,Feminino
Roberta,Martins,61,PE,Masculino
Aline,Castro,19,MT,Masculino
Juliana,Ribeiro,18,BA,Masculino
José,Silva,61,DF,Feminino
Roberta,Almeida,20,BA,Masculino
Renato,Martins,59,CE,Feminino
Renato,Carvalho,50,PB,Feminino
Camila,Costa,38,AM,Feminino
Thiago,Ribeiro,38,CE,Feminino
Maria,Castro,53,PR,Masculino
Bruna,Castro,30,SP,Feminino
Paulo,Melo,27,AL,Feminino
Aline,Oliveira,62,DF,Masculino
Ana,Almeida,39,PR,Feminino
Pedro,Araújo,30,CE,Feminino
Lucas,Melo,36,SP,Masculino
Pedro,Araújo,27,RJ,Feminino
Paulo,Santos,38,RN,Masculino
Thiago,Pereira,68,AL,Feminino
Juliana,Dias,58,ES,Feminino
Aline,Araújo,49,CE,Masculino
Paulo,Rocha,24,PI,Feminino
João,Castro,61,AM,Masculino
Gabriel,Castro,61,PA,Feminino
Renato,Barbosa,28,PB,Feminino
Ana,Castro,21,DF,Feminino
Paulo,Pereira,62,CE,Feminino
Maria,Dias,33,AM,Feminino
Pedro,Araújo,48,DF,Masculino
Maria,Martins,53,RJ,Masculino
Aline,Ribeiro,25,AL,Feminino
Eduardo,Santos,56,SP,Feminino
Mariana,Araújo,21,ES,Feminino
Lucas,Pereira,56,AM,Masculino
Mariana,Araújo,55,PA,Feminino
Ana,Santos,38,MG,Feminino
Ana,Lima,46,RJ,Feminino
Renato,Oliveira,64,RN,Feminino
Fernanda,Melo,48,AM,Feminino
Fernanda,Fernandes,62,BA,Masculino
Camila,Costa,21,ES,Feminino
Fernanda,Pereira,36,SC,Feminino
Lucas,Ribeiro,42,SC,Masculino
José,Silva,66,ES,Masculino
Carlos,Rocha,51,PB,Masculino
Camila,Barbosa,31,PB,Feminino
Thiago,Oliveira,21,SP,Masculino
Gabriel,Dias,46,RN,Feminino
Ana,Ribeiro,20,RN,Masculino
Maria,Lima,60,SP,Masculino
Lucas,Costa,47,SP,Feminino
Roberta,Martins,55,DF,Masculino
Ana,Pereira,51,PE,Masculino
Roberta,Melo,41,PA,Feminino
Lucas,Barbosa,60,SP,Feminino
Thiago,Martins,24,BA,Masculino
Eduardo,Almeida,70,PB,Masculino
Camila,Carvalho,36,PB,Feminino
João,Melo,21,MS,Masculino
Larissa,Carvalho,24,MS,Feminino
Larissa,Carvalho,59,BA,Feminino
Bruna,Carvalho,43,GO,Feminino
Paulo,Pereira,62,RJ,Masculino
Thiago,Pereira,44,PE,Masculino
Maria,Carvalho,25,SP,Feminino
Carlos,Castro,31,RJ,Masculino
José,Almeida,33,PA,Masculino
Lucas,Santos,18,AL,Masculino
Carlos,Melo,20,CE,Feminino
João,Ribeiro,38,GO,Feminino
Juliana,Melo,59,SC,Feminino
Lucas,Santos,55,MG,Feminino
João,Rocha,21,PE,Feminino
Juliana,Almeida,35,AL,Feminino
Paulo,Araújo,27,MG,Feminino
José,Santos,47,MG,Masculino
Paulo,Araújo,31,PE,Feminino
Larissa,Fernandes,44,PA,Masculino
Bruna,Araújo,53,MG,Masculino
Camila,Costa,58,MT,Masculino
Bruna,Barbosa,25,CE,Masculino
Carlos,Souza,28,SC,Feminino
Roberta,Almeida,63,PI,Masculino
Mariana,Araújo,59,PR,Masculino
Lucas,Souza,64,CE,Masculino
Lucas,Souza,29,AM,Feminino
Pedro,Pereira,46,ES,Feminino
Maria,Costa,68,RS,Feminino
Fernanda,Souza,44,PA,Feminino
Carlos,Rocha,69,RN,Masculino
Aline,Costa,46,PI,Feminino
Aline,Oliveira,32,BA,Masculino
Bruna,Ferreira,39,PR,Masculino
Ana,Barbosa,38,PI,Masculino
Carlos,Carvalho,60,BA,Feminino
